[{"productName":"RedMi","address":"RedMi store","productDescription":"Mobile Phone","date":"2019-03-24","startTime":"09:02","endTime":"10:57","kickoffAmount":10000},{"seller":"bharath","productName":"Samsung","address":"Samsung store","productDescription":"Mobile phone","date":"2019-03-14","startTime":"12:58","endTime":"08:01","kickoffAmount":20000},{"productName":"Royal Enfi","address":"Royal Enfield showRoom","productDescription":"Bike","date":"2019-03-16","startTime":"11:37","endTime":"08:48","kickoffAmount":100000},{"productName":"Sonata","address":"Digital Shops","productDescription":"Watch","date":"2019-05-11","startTime":"11:57","endTime":"09:58","kickoffAmount":3000},{"productName":"Lenovo","address":"Old tech Store","productDescription":"2 year old pc","date":"2019-04-01","startTime":"10:57","endTime":"11:43","kickoffAmount":2500},{"productName":"One_Plus","productId":"123","address":"store","productDescription":"mobile","date":"2019-04-13","startTime":"08:58","endTime":"15:00","kickoffAmount":345675,"seller":"tamil"},{"productName":"adf","productId":"dfa","address":"df","productDescription":"df","date":"2019-04-28","startTime":"08:59","endTime":"15:07","kickoffAmount":345,"seller":"tamil"},{"productName":"abc","productId":"abc","address":"abc","productDescription":"abc","date":"2019-04-18","startTime":"09:58","endTime":"08:59","kickoffAmount":345,"seller":"bharath"},{"productName":"haha","productId":"hhahh","address":"haha","productDescription":"hahah","date":"2019-04-19","startTime":"17:58","endTime":"17:03","kickoffAmount":3124,"seller":"tamil"},{"productName":"erwe","productId":"wert","address":"wrt","productDescription":"rewt","date":"2019-04-21","startTime":"17:01","endTime":"08:01","kickoffAmount":45345,"seller":"bharath"},{"productName":"rgtr","productId":"fsdgsd","address":"rgtf","productDescription":"rfgbv","date":"2019-04-26","startTime":"08:59","endTime":"08:58","kickoffAmount":46,"seller":"viki"},{"productName":"lnote","productId":"7788","address":"adg","productDescription":"hdhsgf","date":"2019-06-14","startTime":"09:58","endTime":"09:58","kickoffAmount":34,"seller":"shubam"}]