[{"userName":"tamil","password":"Tamil@444"},{"userName":"bharath","password":"Bharath@555"},{"firstName":"cxvg","lastName":"dfg","contactAddress":"fdg","country":"dfg","city":"dfg","zip":"21","phone":"1234567890","email":"gh@gg.com","password":"cTaffd@3456"},{"firstName":"adadaf","lastName":"adadfa","contactAddress":"afaefsgswg","country":"india","city":"chennai","zip":"60006","phone":"7909566072","email":"bge@gfe.com","password":"Barath@555"},{"firstName":"Bharath","lastName":"chen","contactAddress":"chennai","country":"india","city":"chennai","walletValue":1000,"zip":"600016","phone":"9095660691","email":"vgser@gmail","password":"Barath@001"},{"userName":"akash123","firstName":"fgg","lastName":"gtgg","contactAddress":"gggh","country":"gghh","city":"gghhh","walletValue":3445,"zip":"445566","phone":"4444444444","email":"tqguk@ggh.cum","password":"Tamil@200"},{"userName":"gautham","firstName":"fajgfjaf","lastName":"gdtejeha","contactAddress":"HBDJAJD","country":"DVGEVDVQ","city":"davdhavd","zip":"600012","phone":"9363636637","email":"ssc@goa.com","password":"Goth@234"}]