[
    {
        "partnerId": 254429,
        "password": "Sumant@123",
        "partnerType": "User"
    },
    {
        "partnerId": 914449,
        "password": "BettingHouse@123",
        "partnerType": "Betting_House"
    },
    {
        "partnerId": 114734,
        "password": "*98764321sM@#",
        "partnerType": "Owner"
    },
    {
        "partnerId": 447153,
        "password": "Atanu@123",
        "partnerType": "User"
    },
    {
        "partnerId": 878615,
        "password": "Abhishek@1234",
        "partnerType": "User"
    },
    {
        "partnerId": 831818,
        "password": "*987654321sM@#",
        "partnerType": "User"
    },
    {
        "partnerId": 115505,
        "password": "*987654321sM@#",
        "partnerType": "User"
    },
    {
        "partnerId": 18031,
        "password": "*987654321sM@#",
        "partnerType": "User"
    },
    {
        "partnerId": 848255,
        "password": "*987654321sM@#",
        "partnerType": "Owner"
    },
    {
        "partnerId": 348880,
        "password": "*987654321sM@#",
        "partnerType": "Betting_House"
    },
    {
        "partnerId": 564528,
        "password": "Puneet@123",
        "partnerType": "User"
    },
    {
        "partnerId": 194981,
        "password": "*987654321sM@#",
        "partnerType": "User"
    },
    {
        "partnerId": 195202,
        "password": "*987654321sM@#",
        "partnerType": "User"
    }
]