[{"productName":"RedMi","address":"RedMi store","productDescription":"Mobile Phone","date":"2019-03-24","startTime":"09:02","endTime":"10:57","kickoffAmount":10000},{"productName":"Samsung","address":"Samsung store","productDescription":"Mobile phone","date":"2019-03-14","startTime":"12:58","endTime":"08:01","kickoffAmount":20000},{"productName":"Royal Enfi","address":"Royal Enfield showRoom","productDescription":"Bike","date":"2019-03-16","startTime":"11:37","endTime":"08:48","kickoffAmount":100000},{"productName":"Sonata","address":"Digital Shops","productDescription":"Watch","date":"2019-05-11","startTime":"11:57","endTime":"09:58","kickoffAmount":3000},{"productName":"Lenovo","address":"Old tech Store","productDescription":"2 year old pc","date":"2019-04-01","startTime":"10:57","endTime":"11:43","kickoffAmount":2500},{"productName":"onePlus","address":"oneplus store","productDescription":"mobile phone","date":"2019-03-31","startTime":"17:59","endTime":"09:58","kickoffAmount":1000},{"productName":"ghsd","address":"dsghh","productDescription":"ghgfh","date":"2019-03-09","startTime":"08:59","endTime":"09:59","kickoffAmount":54}]