[{"city":"aby"},{"city":"aelmhult"},{"city":"aelvdalen"},{"city":"aelvkarleby"},{"city":"aelvsbyn"},{"city":"agnesberg"},{"city":"agunnaryd"},{"city":"akarp"},{"city":"akers styckebruk"},{"city":"akersberga"},{"city":"alafors"},{"city":"alandsbro"},{"city":"aled"},{"city":"alem"},{"city":"alfta"},{"city":"alingsas"},{"city":"allerum"},{"city":"almeboda"},{"city":"almunge"},{"city":"alno"},{"city":"alsen"},{"city":"alsterbro"},{"city":"alstermo"},{"city":"alta"},{"city":"altersbruk"},{"city":"alunda"},{"city":"alunda"},{"city":"alvangen"},{"city":"alvesta"},{"city":"alvsjo"},{"city":"amal"},{"city":"ambjornarp"},{"city":"amotfors"},{"city":"anderslov"},{"city":"anderstorp"},{"city":"anderstorp"},{"city":"aneby"},{"city":"ange"},{"city":"angered"},{"city":"ankarsrum"},{"city":"ankarsvik"},{"city":"annelov"},{"city":"annerstad"},{"city":"ansvar"},{"city":"aplared"},{"city":"arboga"},{"city":"arbra"},{"city":"arholma"},{"city":"arjaeng"},{"city":"arjeplog"},{"city":"arkelstorp"},{"city":"arla"},{"city":"arloev"},{"city":"arnasvall"},{"city":"arsunda"},{"city":"arvidsjaur"},{"city":"arvika"},{"city":"aryd"},{"city":"as"},{"city":"asa"},{"city":"asarna"},{"city":"asarum"},{"city":"asbro"},{"city":"aseda"},{"city":"asele"},{"city":"asenhoga"},{"city":"asensbruk"},{"city":"ashammar"},{"city":"askersund"},{"city":"askim"},{"city":"askloster"},{"city":"asmundtorp"},{"city":"aspas"},{"city":"aspered"},{"city":"aspero"},{"city":"astorp"},{"city":"atorp"},{"city":"atran"},{"city":"atvidaberg"},{"city":"avesta"},{"city":"axvall"},{"city":"backa"},{"city":"backaryd"},{"city":"backe"},{"city":"backefors"},{"city":"balinge"},{"city":"ballingslov"},{"city":"balsta"},{"city":"bankeryd"},{"city":"bara"},{"city":"barkarby"},{"city":"barseback"},{"city":"barsebackshamn"},{"city":"bastad"},{"city":"beddinge lage"},{"city":"bengtsfors"},{"city":"berga"},{"city":"bergeforsen"},{"city":"bergkvara"},{"city":"bergshamra"},{"city":"bergsjoe"},{"city":"bergvik"},{"city":"bettna"},{"city":"billdal"},{"city":"billeberga"},{"city":"billesholm"},{"city":"billinge"},{"city":"billingsfors"},{"city":"bjarnum"},{"city":"bjarred"},{"city":"bjartra"},{"city":"bjasta"},{"city":"bjorbo"},{"city":"bjoringe"},{"city":"bjorkhaga"},{"city":"bjorklinge"},{"city":"bjorkoby"},{"city":"bjorkvik"},{"city":"bjorna"},{"city":"bjorneborg"},{"city":"bjornlunda"},{"city":"bjuraker"},{"city":"bjurholm"},{"city":"bjursas"},{"city":"bjuv"},{"city":"blackstad"},{"city":"blasmark"},{"city":"blattnicksele"},{"city":"blentarp"},{"city":"bockara"},{"city":"bodafors"},{"city":"boden"},{"city":"bofors"},{"city":"bohus"},{"city":"boliden"},{"city":"bollebygd"},{"city":"bollnas"},{"city":"bollstabruk"},{"city":"bor"},{"city":"borensberg"},{"city":"borghamn"},{"city":"borgholm"},{"city":"borgstena"},{"city":"borrby"},{"city":"botsmark"},{"city":"bottnaryd"},{"city":"boxholm"},{"city":"braas"},{"city":"braecke"},{"city":"brakne-hoby"},{"city":"bralanda"},{"city":"bramhult"},{"city":"branno"},{"city":"brastad"},{"city":"bredared"},{"city":"bredaryd"},{"city":"bro"},{"city":"broby"},{"city":"brokind"},{"city":"bromma"},{"city":"bromoella"},{"city":"brosarp"},{"city":"brottby"},{"city":"brunflo"},{"city":"brunnby"},{"city":"bua"},{"city":"bullmark"},{"city":"bunkeflostrand"},{"city":"burea"},{"city":"burtraesk"},{"city":"bygdea"},{"city":"bygdsiljum"},{"city":"byske"},{"city":"byske"},{"city":"charlottenberg"},{"city":"dala-floda"},{"city":"dala-jarna"},{"city":"dalaro"},{"city":"dalby"},{"city":"dals langed"},{"city":"dals rostock"},{"city":"dalsjofors"},{"city":"dalstorp"},{"city":"danderyd"},{"city":"degeberga"},{"city":"degerfors"},{"city":"deje"},{"city":"delsbo"},{"city":"dikanaes"},{"city":"dingle"},{"city":"dio"},{"city":"djura"},{"city":"djuras"},{"city":"djurhamn"},{"city":"djursholm"},{"city":"domsjo"},{"city":"donso"},{"city":"dorotea"},{"city":"dosjebro"},{"city":"drottningholm"},{"city":"duved"},{"city":"dyltabruk"},{"city":"ed"},{"city":"edsbro"},{"city":"edsbyn"},{"city":"edsele"},{"city":"edshultshall"},{"city":"edsvalla"},{"city":"ekeby"},{"city":"ekenassjon"},{"city":"ekshaerad"},{"city":"eksjoe"},{"city":"eldsberga"},{"city":"elloes"},{"city":"emmaboda"},{"city":"enanger"},{"city":"enebyberg"},{"city":"eneryda"},{"city":"enkoping"},{"city":"enskede-arsta-vantoer"},{"city":"enviken"},{"city":"erikslund"},{"city":"eriksmala"},{"city":"eskilstuna"},{"city":"eslov"},{"city":"faergelanda"},{"city":"faerjestaden"},{"city":"fagelfors"},{"city":"fageras"},{"city":"fagerberg"},{"city":"fagered"},{"city":"fagerhult"},{"city":"fagersanna"},{"city":"fagersta"},{"city":"fagervik"},{"city":"falkenberg"},{"city":"fallfors"},{"city":"falun"},{"city":"farbo"},{"city":"farila"},{"city":"farlov"},{"city":"farna"},{"city":"farnas"},{"city":"faro"},{"city":"fellingsbro"},{"city":"fengersfors"},{"city":"figeholm"},{"city":"filipstad"},{"city":"finja"},{"city":"finnerodja"},{"city":"finspang"},{"city":"fiskeby"},{"city":"fjaeras station"},{"city":"fjalkinge"},{"city":"fjardhundra"},{"city":"fjugesta"},{"city":"flen"},{"city":"fleninge"},{"city":"flisby"},{"city":"floby"},{"city":"floda"},{"city":"flyinge"},{"city":"follinge"},{"city":"follinge"},{"city":"fors"},{"city":"forsa"},{"city":"forsbacka"},{"city":"forsby"},{"city":"forserum"},{"city":"forshaga"},{"city":"forsheda"},{"city":"forslov"},{"city":"frandefors"},{"city":"fransta"},{"city":"fredriksberg"},{"city":"frillesas"},{"city":"fristad"},{"city":"fritsla"},{"city":"froso"},{"city":"frovi"},{"city":"frufallan"},{"city":"furulund"},{"city":"furuvik"},{"city":"gabo"},{"city":"gagnef"},{"city":"gallo"},{"city":"gallstad"},{"city":"gamla stan"},{"city":"gamleby"},{"city":"gammelstad"},{"city":"ganghester"},{"city":"gards kopinge"},{"city":"gargnas"},{"city":"garpenberg"},{"city":"garphyttan"},{"city":"garsas"},{"city":"garsnas"},{"city":"gemla"},{"city":"genarp"},{"city":"genevad"},{"city":"getinge"},{"city":"gidea"},{"city":"gimo"},{"city":"gislaved"},{"city":"glanshammar"},{"city":"glimakra"},{"city":"glommen"},{"city":"glommerstrask"},{"city":"glostorp"},{"city":"glumslov"},{"city":"gnarp"},{"city":"gnesta"},{"city":"gnosjoe"},{"city":"goetene"},{"city":"gota"},{"city":"gothenburg"},{"city":"grabo"},{"city":"graddo"},{"city":"graestorp"},{"city":"grangarde"},{"city":"grangesberg"},{"city":"grasmyr"},{"city":"graso"},{"city":"grebbestad"},{"city":"grillby"},{"city":"grimeton"},{"city":"grimsas"},{"city":"grimslov"},{"city":"grimstorp"},{"city":"grisslehamn"},{"city":"grondal"},{"city":"gronskara"},{"city":"grums"},{"city":"grundsund"},{"city":"grycksbo"},{"city":"gryt"},{"city":"grythyttan"},{"city":"gualov"},{"city":"guldsmedshyttan"},{"city":"gullbrandstorp"},{"city":"gullspang"},{"city":"gunnebo"},{"city":"gunnilse"},{"city":"gusselby"},{"city":"gustafs"},{"city":"gustavsberg"},{"city":"gusum"},{"city":"gyttorp"},{"city":"hackas"},{"city":"hacksvik"},{"city":"haegersten"},{"city":"haellefors"},{"city":"haerryda"},{"city":"haesselby"},{"city":"hagfors"},{"city":"hagglund"},{"city":"hajom"},{"city":"hakkas"},{"city":"haknas"},{"city":"haljarp"},{"city":"hallabro"},{"city":"halland"},{"city":"hallarod"},{"city":"hallberg"},{"city":"halleforsnas"},{"city":"hallekis"},{"city":"hallestad"},{"city":"hallestad"},{"city":"hallevadsholm"},{"city":"hallingsjo"},{"city":"hallsberg"},{"city":"hallsta"},{"city":"hallstahammar"},{"city":"hallstavik"},{"city":"halmstad"},{"city":"halso"},{"city":"halta"},{"city":"hamburgsund"},{"city":"hammar"},{"city":"hammaro"},{"city":"hammarstrand"},{"city":"hammenhog"},{"city":"hammerdal"},{"city":"hamneda"},{"city":"hamrangefjarden"},{"city":"hanaskog"},{"city":"handen"},{"city":"haparanda"},{"city":"harads"},{"city":"harbo"},{"city":"harby"},{"city":"harestad"},{"city":"harmanger"},{"city":"harplinge"},{"city":"harslov"},{"city":"hasselby"},{"city":"hasselfors"},{"city":"hasslarp"},{"city":"hasslo"},{"city":"hastveda"},{"city":"havdhem"},{"city":"hebo"},{"city":"hedared"},{"city":"hede"},{"city":"hedekas"},{"city":"hedemora"},{"city":"hedesunda"},{"city":"helgum"},{"city":"helsingborg"},{"city":"hemmingsmark"},{"city":"hemse"},{"city":"henan"},{"city":"herrangen"},{"city":"herrljunga"},{"city":"hestra"},{"city":"hillared"},{"city":"hillerstorp"},{"city":"hindas"},{"city":"hjaerup"},{"city":"hjalteby"},{"city":"hjarnarp"},{"city":"hjartum"},{"city":"hjo"},{"city":"hoegsby"},{"city":"hoeoer"},{"city":"hoerby"},{"city":"hoernefors"},{"city":"hofors"},{"city":"hoganas"},{"city":"hogsaters"},{"city":"hogsjo"},{"city":"hok"},{"city":"hokerum"},{"city":"hollviken"},{"city":"holmen"},{"city":"holmsjo"},{"city":"holmsund"},{"city":"holmsveden"},{"city":"holo"},{"city":"holsbybrunn"},{"city":"holsljunga"},{"city":"hono"},{"city":"horn"},{"city":"horndal"},{"city":"horred"},{"city":"hortlax"},{"city":"hova"},{"city":"hovas"},{"city":"hoviksnas"},{"city":"hovmantorp"},{"city":"huarod"},{"city":"huddinge"},{"city":"hudiksvall"},{"city":"hultafors"},{"city":"hultsfred"},{"city":"hunnebostrand"},{"city":"hunnestad"},{"city":"huskvarna"},{"city":"husum"},{"city":"hyllinge"},{"city":"hyltebruk"},{"city":"hyssna"},{"city":"iggesund"},{"city":"immeln"},{"city":"indal"},{"city":"ingarp"},{"city":"ingelstad"},{"city":"ingmarso"},{"city":"insjon"},{"city":"jaemjoe"},{"city":"jaervsoe"},{"city":"jamshog"},{"city":"jarbo"},{"city":"jarlasa"},{"city":"jarna"},{"city":"jarpen"},{"city":"jarved"},{"city":"joern"},{"city":"johanneshov"},{"city":"johannishus"},{"city":"jokkmokk"},{"city":"jonaker"},{"city":"jonsered"},{"city":"jordbro"},{"city":"jorlanda"},{"city":"jude"},{"city":"junosuando"},{"city":"kaevlinge"},{"city":"kage"},{"city":"kagerod"},{"city":"kalix"},{"city":"kallby"},{"city":"kallered"},{"city":"kallinge"},{"city":"kallo"},{"city":"kalmar"},{"city":"kareby"},{"city":"karesuando"},{"city":"karl gustav"},{"city":"karlsborg"},{"city":"karlshamn"},{"city":"karlskoga"},{"city":"karlskrona"},{"city":"karlstad"},{"city":"karna"},{"city":"karra"},{"city":"katrineholm"},{"city":"kattarp"},{"city":"katthammarsvik"},{"city":"kattilstorp"},{"city":"kil"},{"city":"kilafors"},{"city":"killeberg"},{"city":"kimstad"},{"city":"kinna"},{"city":"kinnared"},{"city":"kinnarp"},{"city":"kiruna"},{"city":"kisa"},{"city":"kista"},{"city":"kivik"},{"city":"kladesholmen"},{"city":"klagerup"},{"city":"klagshamn"},{"city":"klagstorp"},{"city":"klassbol"},{"city":"klavrestrom"},{"city":"klintehamn"},{"city":"klippan"},{"city":"klovedal"},{"city":"knared"},{"city":"knislinge"},{"city":"knivsta"},{"city":"knivsta"},{"city":"knutby"},{"city":"kode"},{"city":"kolback"},{"city":"kolmarden"},{"city":"kolsva"},{"city":"konga"},{"city":"koping"},{"city":"kopingebro"},{"city":"kopmanholmen"},{"city":"kopparberg"},{"city":"koppom"},{"city":"korpilombolo"},{"city":"korsberga"},{"city":"korskrogen"},{"city":"koskullskulle"},{"city":"kosta"},{"city":"kramfors"},{"city":"kristdala"},{"city":"kristianstad"},{"city":"kristineberg"},{"city":"kristinehamn"},{"city":"krokom"},{"city":"krylbo"},{"city":"kulla"},{"city":"kullavik"},{"city":"kulltorp"},{"city":"kumla"},{"city":"kungsaengen"},{"city":"kungsbacka"},{"city":"kungsgarden"},{"city":"kungshamn"},{"city":"kungsoer"},{"city":"kvanum"},{"city":"kvibille"},{"city":"kvicksund"},{"city":"kvidinge"},{"city":"kvissleby"},{"city":"kyrkobyn"},{"city":"lagan"},{"city":"laholm"},{"city":"lammhult"},{"city":"landeryd"},{"city":"landfjarden"},{"city":"landsbro"},{"city":"landskrona"},{"city":"landvetter"},{"city":"langas"},{"city":"langasjo"},{"city":"langhem"},{"city":"langsele"},{"city":"langshyttan"},{"city":"langviksmon"},{"city":"lanna"},{"city":"lannavaara"},{"city":"larbro"},{"city":"larv"},{"city":"lavsjo"},{"city":"laxa"},{"city":"lekeryd"},{"city":"leksand"},{"city":"lenhovda"},{"city":"lerberget"},{"city":"lerdala"},{"city":"lerum"},{"city":"lessebo"},{"city":"liden"},{"city":"lidhult"},{"city":"lidingoe"},{"city":"lidkoping"},{"city":"likenas"},{"city":"lilla edet"},{"city":"lillpite"},{"city":"lima"},{"city":"limhamn"},{"city":"limmared"},{"city":"lindas"},{"city":"lindesberg"},{"city":"lindome"},{"city":"linghem"},{"city":"linneryd"},{"city":"listerby"},{"city":"lit"},{"city":"ljugarn"},{"city":"ljung"},{"city":"ljungaverk"},{"city":"ljungby"},{"city":"ljungbyhed"},{"city":"ljungbyholm"},{"city":"ljungsarp"},{"city":"ljungsbro"},{"city":"ljungskile"},{"city":"ljusdal"},{"city":"ljusfallshammar"},{"city":"ljusne"},{"city":"ljustero"},{"city":"ljustorp"},{"city":"loberod"},{"city":"loddekopinge"},{"city":"loderup"},{"city":"lodose"},{"city":"lomma"},{"city":"lonashult"},{"city":"lonsboda"},{"city":"los"},{"city":"lotorp"},{"city":"lottorp"},{"city":"lovanger"},{"city":"lovestad"},{"city":"lovikka"},{"city":"ludvigsborg"},{"city":"ludvika"},{"city":"lugnvik"},{"city":"lund"},{"city":"lycke"},{"city":"lyckeby"},{"city":"lycksele"},{"city":"lysekil"},{"city":"lysvik"},{"city":"mala"},{"city":"maleras"},{"city":"malilla"},{"city":"malma"},{"city":"malma"},{"city":"malmback"},{"city":"malmberget"},{"city":"malmkoping"},{"city":"malmo"},{"city":"malsryd"},{"city":"malung"},{"city":"mankarbo"},{"city":"mansarp"},{"city":"mantorp"},{"city":"marback"},{"city":"mardaklev"},{"city":"mariannelund"},{"city":"mariefred"},{"city":"marieholm"},{"city":"marieholm"},{"city":"mariestad"},{"city":"markaryd"},{"city":"marma"},{"city":"marsta"},{"city":"marstrand"},{"city":"matfors"},{"city":"mellansel"},{"city":"mellbystrand"},{"city":"mellerud"},{"city":"mjallom"},{"city":"mjolby"},{"city":"mockfjard"},{"city":"moelle"},{"city":"moelndal"},{"city":"moensteras"},{"city":"moerbylanga"},{"city":"moheda"},{"city":"moholm"},{"city":"moliden"},{"city":"molkom"},{"city":"molltorp"},{"city":"molnbo"},{"city":"molnlycke"},{"city":"mora"},{"city":"morarp"},{"city":"morgongava"},{"city":"morlunda"},{"city":"morrum"},{"city":"morsil"},{"city":"morup"},{"city":"motala"},{"city":"mullhyttan"},{"city":"mullsjoe"},{"city":"munka-ljungby"},{"city":"munkedal"},{"city":"munkfors"},{"city":"musko"},{"city":"myggenas"},{"city":"myresjo"},{"city":"nacka"},{"city":"nalden"},{"city":"nashulta"},{"city":"nassjo"},{"city":"nasum"},{"city":"nasviken"},{"city":"nattraby"},{"city":"navekvarn"},{"city":"navlinge"},{"city":"nissafors"},{"city":"njurundabommen"},{"city":"njutanger"},{"city":"nodinge"},{"city":"nodinge-nol"},{"city":"nora"},{"city":"norberg"},{"city":"nordingra"},{"city":"nordmaling"},{"city":"norrahammar"},{"city":"norrala"},{"city":"norrfjarden"},{"city":"norrhult"},{"city":"norrsundet"},{"city":"norrtalje"},{"city":"norsborg"},{"city":"norsholm"},{"city":"norsjoe"},{"city":"nossebro"},{"city":"nybro"},{"city":"nygard"},{"city":"nyhammar"},{"city":"nyhamnslage"},{"city":"nykil"},{"city":"nykroppa"},{"city":"nykvarn"},{"city":"nyland"},{"city":"nyland"},{"city":"nynas"},{"city":"nynashamn"},{"city":"nysater"},{"city":"nyvang"},{"city":"obbola"},{"city":"ockelbo"},{"city":"odakra"},{"city":"odeborg"},{"city":"odensbacken"},{"city":"oeckeroe"},{"city":"oedeshoeg"},{"city":"oerkelljunga"},{"city":"oesterbymo"},{"city":"oestervala"},{"city":"oesthammar"},{"city":"oeverkalix"},{"city":"oevertornea"},{"city":"ojebyn"},{"city":"ojersjo"},{"city":"olofstorp"},{"city":"olofstroem"},{"city":"olsfors"},{"city":"onnestad"},{"city":"orby"},{"city":"orbyhus"},{"city":"oregrund"},{"city":"ormaryd"},{"city":"orno"},{"city":"ornskoldsvik"},{"city":"orrefors"},{"city":"orsa"},{"city":"orsundsbro"},{"city":"orviken"},{"city":"osby"},{"city":"oskarshamn"},{"city":"oskarstrom"},{"city":"osmo"},{"city":"ostansjo"},{"city":"osterbybruk"},{"city":"osterbybruk"},{"city":"osterhaninge"},{"city":"osterskar"},{"city":"ostra"},{"city":"ostra frolunda"},{"city":"ostra hindalebyn"},{"city":"ostra karup"},{"city":"ostra ryd"},{"city":"otterbacken"},{"city":"ovanaker"},{"city":"overhornas"},{"city":"overkovland"},{"city":"overlida"},{"city":"overum"},{"city":"oviken"},{"city":"oxaback"},{"city":"oxelosund"},{"city":"oxie"},{"city":"paarp"},{"city":"pajala"},{"city":"palange"},{"city":"palsboda"},{"city":"partille"},{"city":"paskallavik"},{"city":"perstorp"},{"city":"pilgrimstad"},{"city":"pixbo"},{"city":"raa"},{"city":"raettvik"},{"city":"ramdala"},{"city":"ramnas"},{"city":"ramsele"},{"city":"ramsjo"},{"city":"ramvik"},{"city":"ranea"},{"city":"rangedala"},{"city":"ransater"},{"city":"ransta"},{"city":"ravlanda"},{"city":"reftele"},{"city":"rejmyre"},{"city":"rekarne"},{"city":"rengsjo"},{"city":"reso"},{"city":"restad"},{"city":"riddarhyttan"},{"city":"rimbo"},{"city":"rimforsa"},{"city":"ring"},{"city":"ringarum"},{"city":"rinkaby"},{"city":"roback"},{"city":"robertsfors"},{"city":"rockneby"},{"city":"rodeby"},{"city":"roke"},{"city":"rolfstorp"},{"city":"romakloster"},{"city":"romelanda"},{"city":"ronnang"},{"city":"ronneby"},{"city":"ronninge"},{"city":"roro"},{"city":"rorvik"},{"city":"rosersberg"},{"city":"rosson"},{"city":"rostanga"},{"city":"rosvik"},{"city":"rotebro"},{"city":"rottne"},{"city":"ruda"},{"city":"rundvik"},{"city":"ryd"},{"city":"rydaholm"},{"city":"rydboholm"},{"city":"rydeback"},{"city":"rydobruk"},{"city":"rydsgard"},{"city":"ryssby"},{"city":"saeffle"},{"city":"saeter"},{"city":"saevar"},{"city":"saevast"},{"city":"saevsjoe"},{"city":"sagmyra"},{"city":"sala"},{"city":"saltsjo-duvnas"},{"city":"saltsjobaden"},{"city":"sand"},{"city":"sandared"},{"city":"sandarne"},{"city":"sandby"},{"city":"sandhem"},{"city":"sandhult"},{"city":"sandviken"},{"city":"sankt olof"},{"city":"saro"},{"city":"satila"},{"city":"savedalen"},{"city":"savsjostrom"},{"city":"saxtorp"},{"city":"segersta"},{"city":"seglora"},{"city":"segmon"},{"city":"sennan"},{"city":"sexdrega"},{"city":"sibbhult"},{"city":"sidensjo"},{"city":"sifferbo"},{"city":"sigtuna"},{"city":"siljansnas"},{"city":"simlangsdalen"},{"city":"simrishamn"},{"city":"sjalevad"},{"city":"sjoebo"},{"city":"sjomarken"},{"city":"sjotofta"},{"city":"sjovik"},{"city":"sjuntorp"},{"city":"ska"},{"city":"skaerhamn"},{"city":"skaerholmen"},{"city":"skallinge"},{"city":"skane"},{"city":"skanes fagerhult"},{"city":"skanninge"},{"city":"skanor med falsterbo"},{"city":"skara"},{"city":"skaraborg"},{"city":"skarblacka"},{"city":"skarplinge"},{"city":"skarpnaeck"},{"city":"skattkarr"},{"city":"skee"},{"city":"skelleftehamn"},{"city":"skene"},{"city":"skepplanda"},{"city":"skillingaryd"},{"city":"skillinge"},{"city":"skinnskatteberg"},{"city":"skivarp"},{"city":"skogas"},{"city":"skoghall"},{"city":"skogstorp"},{"city":"skoldinge"},{"city":"skollersta"},{"city":"skondal"},{"city":"skruv"},{"city":"skultuna"},{"city":"skummeslovsstrand"},{"city":"skurup"},{"city":"skyllberg"},{"city":"skyttorp"},{"city":"slite"},{"city":"sloinge"},{"city":"slottsbron"},{"city":"slutarp"},{"city":"smalandsstenar"},{"city":"smedjebacken"},{"city":"smedstorp"},{"city":"smoegen"},{"city":"soderakra"},{"city":"soderala"},{"city":"soderby"},{"city":"soderfors"},{"city":"sodergard"},{"city":"soderhamn"},{"city":"sodra sandby"},{"city":"sodra sunderbyn"},{"city":"sodra vi"},{"city":"soederbaerke"},{"city":"soederkoeping"},{"city":"sollebrunn"},{"city":"solleftea"},{"city":"sollentuna"},{"city":"solna"},{"city":"sommen"},{"city":"soraker"},{"city":"sorberge"},{"city":"sorombacken"},{"city":"sorsele"},{"city":"sosdala"},{"city":"sovde"},{"city":"spanga"},{"city":"sparsor"},{"city":"spekerod"},{"city":"staffanstorp"},{"city":"stallarholmen"},{"city":"stalldalen"},{"city":"stanga"},{"city":"stehag"},{"city":"stenhamra"},{"city":"stenkullen"},{"city":"stensele"},{"city":"stenstorp"},{"city":"stenungsund"},{"city":"stigen"},{"city":"stigtomta"},{"city":"stjarnhov"},{"city":"stoby"},{"city":"stockaryd"},{"city":"stockholm"},{"city":"stocksund"},{"city":"stode"},{"city":"stollet"},{"city":"stora"},{"city":"stora hoga"},{"city":"stora mellosa"},{"city":"stora skedvi"},{"city":"stora vika"},{"city":"storebro"},{"city":"storfors"},{"city":"storlien"},{"city":"storuman"},{"city":"storvik"},{"city":"storvreta"},{"city":"stra"},{"city":"strangnas"},{"city":"stratjara"},{"city":"stravalla"},{"city":"stroemstad"},{"city":"stroemsund"},{"city":"stromsbruk"},{"city":"stromsholm"},{"city":"stromsnasbruk"},{"city":"strovelstorp"},{"city":"stugun"},{"city":"sturefors"},{"city":"sturko"},{"city":"styrso"},{"city":"sundborn"},{"city":"sundbyberg"},{"city":"sundsbruk"},{"city":"sundsvall"},{"city":"sunnansjo"},{"city":"sunne"},{"city":"sunnemo"},{"city":"surahammar"},{"city":"surte"},{"city":"svaloev"},{"city":"svaneholm"},{"city":"svaneholm"},{"city":"svanesund"},{"city":"svangsta"},{"city":"svardsjo"},{"city":"svarta"},{"city":"svartinge"},{"city":"svartsjo"},{"city":"svedala"},{"city":"sveg"},{"city":"svenljunga"},{"city":"svensbyn"},{"city":"svenshogen"},{"city":"svenstavik"},{"city":"taberg"},{"city":"taby"},{"city":"taenndalen"},{"city":"taernaby"},{"city":"taftea"},{"city":"tagarp"},{"city":"talje"},{"city":"taljo"},{"city":"tallasen"},{"city":"tallberg"},{"city":"tanumshede"},{"city":"tarnsjo"},{"city":"tavelsjo"},{"city":"teckomatorp"},{"city":"tegeltorp"},{"city":"tenhult"},{"city":"tibro"},{"city":"tidaholm"},{"city":"tidan"},{"city":"tierp"},{"city":"timmele"},{"city":"timmernabben"},{"city":"timmersdala"},{"city":"timra"},{"city":"tingsryd"},{"city":"tingstade"},{"city":"tjornarp"},{"city":"toecksfors"},{"city":"toere"},{"city":"toereboda"},{"city":"tolg"},{"city":"tollarp"},{"city":"tollered"},{"city":"tomelilla"},{"city":"torekov"},{"city":"tormestorp"},{"city":"torpshammar"},{"city":"torsaker"},{"city":"torsas"},{"city":"torsby"},{"city":"torshalla"},{"city":"torslanda"},{"city":"torup"},{"city":"tranas"},{"city":"tranemo"},{"city":"trangsund"},{"city":"transtrand"},{"city":"traryd"},{"city":"traslovslage"},{"city":"traslovslage"},{"city":"travad"},{"city":"trehorningsjo"},{"city":"trekanten"},{"city":"trelleborg"},{"city":"trollhattan"},{"city":"trosa"},{"city":"tullinge"},{"city":"tumba"},{"city":"tun"},{"city":"tungelsta"},{"city":"tvaaker"},{"city":"tvaralund"},{"city":"tving"},{"city":"tygelsjo"},{"city":"tyreso strand"},{"city":"tyringe"},{"city":"tystberga"},{"city":"ucklum"},{"city":"uddebo"},{"city":"uddeholm"},{"city":"uddevalla"},{"city":"ugglarp"},{"city":"ullared"},{"city":"ulricehamn"},{"city":"ulrika"},{"city":"undersaker"},{"city":"unnaryd"},{"city":"uppharad"},{"city":"upplands vasby"},{"city":"uppsala"},{"city":"urshult"},{"city":"ursviken"},{"city":"utansjo"},{"city":"uttran"},{"city":"vackelsang"},{"city":"vaddo"},{"city":"vaderstad"},{"city":"vadstena"},{"city":"vaeja"},{"city":"vaellingby"},{"city":"vaennaes"},{"city":"vaermdoe"},{"city":"vaggeryd"},{"city":"vagnharad"},{"city":"valadalen"},{"city":"valberg"},{"city":"valbo"},{"city":"valdemarsvik"},{"city":"valla"},{"city":"vallakra"},{"city":"vallda"},{"city":"vallentuna"},{"city":"vallsta"},{"city":"valskog"},{"city":"vanersborg"},{"city":"vankiva"},{"city":"vannasby"},{"city":"vansbro"},{"city":"vara"},{"city":"varberg"},{"city":"varby"},{"city":"varekil"},{"city":"vargarda"},{"city":"vargon"},{"city":"varing"},{"city":"varmland"},{"city":"varnamo"},{"city":"varnhem"},{"city":"varobacka"},{"city":"varsas"},{"city":"varsta"},{"city":"vartofta"},{"city":"vase"},{"city":"vassmolosa"},{"city":"vasterfarnebo"},{"city":"vasterljung"},{"city":"vastervik"},{"city":"vastra amtervik"},{"city":"vastra frolunda"},{"city":"vastra karup"},{"city":"vastra ramlosa"},{"city":"vastra torup"},{"city":"vato"},{"city":"vattholma"},{"city":"vaxholm"},{"city":"vaxjo"},{"city":"vaxtorp"},{"city":"veberod"},{"city":"veddige"},{"city":"vedum"},{"city":"vega"},{"city":"vegby"},{"city":"veinge"},{"city":"vejbystrand"},{"city":"vellinge"},{"city":"vendelso"},{"city":"vessigebro"},{"city":"vetlanda"},{"city":"vidsel"},{"city":"vikarbyn"},{"city":"viken"},{"city":"vikingstad"},{"city":"vikmanshyttan"},{"city":"viksjofors"},{"city":"vilhelmina"},{"city":"villan"},{"city":"vimmerby"},{"city":"vinberg"},{"city":"vindeln"},{"city":"vingaker"},{"city":"vinninga"},{"city":"vinslov"},{"city":"vintrie"},{"city":"vintrosa"},{"city":"virsbo bruk"},{"city":"virserum"},{"city":"visby"},{"city":"viskafors"},{"city":"vislanda"},{"city":"vissefjarda"},{"city":"vitaby"},{"city":"vittaryd"},{"city":"vittaryd"},{"city":"vittsjo"},{"city":"vollsjo"},{"city":"vrena"},{"city":"vreta kloster"},{"city":"vretstorp"},{"city":"yngsjo"},{"city":"ystad"},{"city":"ytterby"},{"city":"zinkgruvan"}]