[{"name":"student 1","mark":90,"branch":"ECE"},{"name":"student 2","mark":80,"branch":"MECH"},{"name":"student 3","mark":70,"branch":"EEE"},{"name":"student 4","mark":60,"branch":"CS"},{"name":"student 5","mark":50,"branch":"IT"},{"name":"student 6","mark":95,"branch":"CIVIL"},{"name":"student 7","mark":85,"branch":"MTS"},{"name":"tamil","branch":"ece","mark":50},{"name":"fgfg","branch":"ece","mark":67},{"name":"abc","branch":"aeronautical","mark":100},{"name":"heyRam","branch":"cse","mark":56}]